name,time,size
hdf5-zfp-0.001,0.7944,107915070
hdf5,1.145,583008256
hdf5-zfp-0.000000001,1.376,276634802
hdf5-reversible,1.334,492867266
hdf5-zfp-0.00001,0.825,166406322
hdf5-zfp-0.0000001,1.07,225762480
native,1.132,566382390
hdf5-zfp-0.1,0.7812,60953931
